email,first_name,last_name
student0@school.com,First0,Last0
student1@school.com,First1,Last1
student2@school.com,First2,Last2
student3@school.com,First3,Last3
student4@school.com,First4,Last4
student5@school.com,First5,Last5
student6@school.com,First6,Last6
student7@school.com,First7,Last7
student8@school.com,First8,Last8
student9@school.com,First9,Last9
student10@school.com,First10,Last10
student11@school.com,First11,Last11
student12@school.com,First12,Last12
student13@school.com,First13,Last13
student14@school.com,First14,Last14
student15@school.com,First15,Last15
student16@school.com,First16,Last16
student17@school.com,First17,Last17
student18@school.com,First18,Last18
student19@school.com,First19,Last19
student20@school.com,First20,Last20
student21@school.com,First21,Last21
student22@school.com,First22,Last22
student23@school.com,First23,Last23
student24@school.com,First24,Last24
student25@school.com,First25,Last25
student26@school.com,First26,Last26
student27@school.com,First27,Last27
student28@school.com,First28,Last28
student29@school.com,First29,Last29
student30@school.com,First30,Last30
student31@school.com,First31,Last31
student32@school.com,First32,Last32
student33@school.com,First33,Last33
student34@school.com,First34,Last34
student35@school.com,First35,Last35
student36@school.com,First36,Last36
student37@school.com,First37,Last37
student38@school.com,First38,Last38
student39@school.com,First39,Last39
student40@school.com,First40,Last40
student41@school.com,First41,Last41
student42@school.com,First42,Last42
student43@school.com,First43,Last43
student44@school.com,First44,Last44
student45@school.com,First45,Last45
student46@school.com,First46,Last46
student47@school.com,First47,Last47
student48@school.com,First48,Last48
student49@school.com,First49,Last49
student50@school.com,First50,Last50
student51@school.com,First51,Last51
student52@school.com,First52,Last52
student53@school.com,First53,Last53
student54@school.com,First54,Last54
student55@school.com,First55,Last55
student56@school.com,First56,Last56
student57@school.com,First57,Last57
student58@school.com,First58,Last58
student59@school.com,First59,Last59
student60@school.com,First60,Last60
student61@school.com,First61,Last61
student62@school.com,First62,Last62
student63@school.com,First63,Last63
student64@school.com,First64,Last64
student65@school.com,First65,Last65
student66@school.com,First66,Last66
student67@school.com,First67,Last67
student68@school.com,First68,Last68
student69@school.com,First69,Last69
student70@school.com,First70,Last70
student71@school.com,First71,Last71
student72@school.com,First72,Last72
student73@school.com,First73,Last73
student74@school.com,First74,Last74
student75@school.com,First75,Last75
student76@school.com,First76,Last76
student77@school.com,First77,Last77
student78@school.com,First78,Last78
student79@school.com,First79,Last79
student80@school.com,First80,Last80
student81@school.com,First81,Last81
student82@school.com,First82,Last82
student83@school.com,First83,Last83
student84@school.com,First84,Last84
student85@school.com,First85,Last85
student86@school.com,First86,Last86
student87@school.com,First87,Last87
student88@school.com,First88,Last88
student89@school.com,First89,Last89
student90@school.com,First90,Last90
student91@school.com,First91,Last91
student92@school.com,First92,Last92
student93@school.com,First93,Last93
student94@school.com,First94,Last94
student95@school.com,First95,Last95
student96@school.com,First96,Last96
student97@school.com,First97,Last97
student98@school.com,First98,Last98
student99@school.com,First99,Last99
student100@school.com,First100,Last100
student101@school.com,First101,Last101
student102@school.com,First102,Last102
student103@school.com,First103,Last103
student104@school.com,First104,Last104
student105@school.com,First105,Last105
student106@school.com,First106,Last106
student107@school.com,First107,Last107
student108@school.com,First108,Last108
student109@school.com,First109,Last109
student110@school.com,First110,Last110
student111@school.com,First111,Last111
student112@school.com,First112,Last112
student113@school.com,First113,Last113
student114@school.com,First114,Last114
student115@school.com,First115,Last115
student116@school.com,First116,Last116
student117@school.com,First117,Last117
student118@school.com,First118,Last118
student119@school.com,First119,Last119
student120@school.com,First120,Last120
student121@school.com,First121,Last121
student122@school.com,First122,Last122
student123@school.com,First123,Last123
student124@school.com,First124,Last124
student125@school.com,First125,Last125
student126@school.com,First126,Last126
student127@school.com,First127,Last127
student128@school.com,First128,Last128
student129@school.com,First129,Last129
student130@school.com,First130,Last130
student131@school.com,First131,Last131
student132@school.com,First132,Last132
student133@school.com,First133,Last133
student134@school.com,First134,Last134
student135@school.com,First135,Last135
student136@school.com,First136,Last136
student137@school.com,First137,Last137
student138@school.com,First138,Last138
student139@school.com,First139,Last139
student140@school.com,First140,Last140
student141@school.com,First141,Last141
student142@school.com,First142,Last142
student143@school.com,First143,Last143
student144@school.com,First144,Last144
student145@school.com,First145,Last145
student146@school.com,First146,Last146
student147@school.com,First147,Last147
student148@school.com,First148,Last148
student149@school.com,First149,Last149
student150@school.com,First150,Last150
student151@school.com,First151,Last151
student152@school.com,First152,Last152
student153@school.com,First153,Last153
student154@school.com,First154,Last154
student155@school.com,First155,Last155
student156@school.com,First156,Last156
student157@school.com,First157,Last157
student158@school.com,First158,Last158
student159@school.com,First159,Last159
student160@school.com,First160,Last160
student161@school.com,First161,Last161
student162@school.com,First162,Last162
student163@school.com,First163,Last163
student164@school.com,First164,Last164
student165@school.com,First165,Last165
student166@school.com,First166,Last166
student167@school.com,First167,Last167
student168@school.com,First168,Last168
student169@school.com,First169,Last169
student170@school.com,First170,Last170
student171@school.com,First171,Last171
student172@school.com,First172,Last172
student173@school.com,First173,Last173
student174@school.com,First174,Last174
student175@school.com,First175,Last175
student176@school.com,First176,Last176
student177@school.com,First177,Last177
student178@school.com,First178,Last178
student179@school.com,First179,Last179
student180@school.com,First180,Last180
student181@school.com,First181,Last181
student182@school.com,First182,Last182
student183@school.com,First183,Last183
student184@school.com,First184,Last184
student185@school.com,First185,Last185
student186@school.com,First186,Last186
student187@school.com,First187,Last187
student188@school.com,First188,Last188
student189@school.com,First189,Last189
student190@school.com,First190,Last190
student191@school.com,First191,Last191
student192@school.com,First192,Last192
student193@school.com,First193,Last193
student194@school.com,First194,Last194
student195@school.com,First195,Last195
student196@school.com,First196,Last196
student197@school.com,First197,Last197
student198@school.com,First198,Last198
student199@school.com,First199,Last199
student200@school.com,First200,Last200
student201@school.com,First201,Last201
student202@school.com,First202,Last202
student203@school.com,First203,Last203
student204@school.com,First204,Last204
student205@school.com,First205,Last205
student206@school.com,First206,Last206
student207@school.com,First207,Last207
student208@school.com,First208,Last208
student209@school.com,First209,Last209
student210@school.com,First210,Last210
student211@school.com,First211,Last211
student212@school.com,First212,Last212
student213@school.com,First213,Last213
student214@school.com,First214,Last214
student215@school.com,First215,Last215
student216@school.com,First216,Last216
student217@school.com,First217,Last217
student218@school.com,First218,Last218
student219@school.com,First219,Last219
student220@school.com,First220,Last220
student221@school.com,First221,Last221
student222@school.com,First222,Last222
student223@school.com,First223,Last223
student224@school.com,First224,Last224
student225@school.com,First225,Last225
student226@school.com,First226,Last226
student227@school.com,First227,Last227
student228@school.com,First228,Last228
student229@school.com,First229,Last229
student230@school.com,First230,Last230
student231@school.com,First231,Last231
student232@school.com,First232,Last232
student233@school.com,First233,Last233
student234@school.com,First234,Last234
student235@school.com,First235,Last235
student236@school.com,First236,Last236
student237@school.com,First237,Last237
student238@school.com,First238,Last238
student239@school.com,First239,Last239
student240@school.com,First240,Last240
student241@school.com,First241,Last241
student242@school.com,First242,Last242
student243@school.com,First243,Last243
student244@school.com,First244,Last244
student245@school.com,First245,Last245
student246@school.com,First246,Last246
student247@school.com,First247,Last247
student248@school.com,First248,Last248
student249@school.com,First249,Last249
student250@school.com,First250,Last250
student251@school.com,First251,Last251
student252@school.com,First252,Last252
student253@school.com,First253,Last253
student254@school.com,First254,Last254
student255@school.com,First255,Last255
student256@school.com,First256,Last256
student257@school.com,First257,Last257
student258@school.com,First258,Last258
student259@school.com,First259,Last259
student260@school.com,First260,Last260
student261@school.com,First261,Last261
student262@school.com,First262,Last262
student263@school.com,First263,Last263
student264@school.com,First264,Last264
student265@school.com,First265,Last265
student266@school.com,First266,Last266
student267@school.com,First267,Last267
student268@school.com,First268,Last268
student269@school.com,First269,Last269
student270@school.com,First270,Last270
student271@school.com,First271,Last271
student272@school.com,First272,Last272
student273@school.com,First273,Last273
student274@school.com,First274,Last274
student275@school.com,First275,Last275
student276@school.com,First276,Last276
student277@school.com,First277,Last277
student278@school.com,First278,Last278
student279@school.com,First279,Last279
student280@school.com,First280,Last280
student281@school.com,First281,Last281
student282@school.com,First282,Last282
student283@school.com,First283,Last283
student284@school.com,First284,Last284
student285@school.com,First285,Last285
student286@school.com,First286,Last286
student287@school.com,First287,Last287
student288@school.com,First288,Last288
student289@school.com,First289,Last289
student290@school.com,First290,Last290
student291@school.com,First291,Last291
student292@school.com,First292,Last292
student293@school.com,First293,Last293
student294@school.com,First294,Last294
student295@school.com,First295,Last295
student296@school.com,First296,Last296
student297@school.com,First297,Last297
student298@school.com,First298,Last298
student299@school.com,First299,Last299
student300@school.com,First300,Last300
student301@school.com,First301,Last301
student302@school.com,First302,Last302
student303@school.com,First303,Last303
student304@school.com,First304,Last304
student305@school.com,First305,Last305
student306@school.com,First306,Last306
student307@school.com,First307,Last307
student308@school.com,First308,Last308
student309@school.com,First309,Last309
student310@school.com,First310,Last310
student311@school.com,First311,Last311
student312@school.com,First312,Last312
student313@school.com,First313,Last313
student314@school.com,First314,Last314
student315@school.com,First315,Last315
student316@school.com,First316,Last316
student317@school.com,First317,Last317
student318@school.com,First318,Last318
student319@school.com,First319,Last319
student320@school.com,First320,Last320
student321@school.com,First321,Last321
student322@school.com,First322,Last322
student323@school.com,First323,Last323
student324@school.com,First324,Last324
student325@school.com,First325,Last325
student326@school.com,First326,Last326
student327@school.com,First327,Last327
student328@school.com,First328,Last328
student329@school.com,First329,Last329
student330@school.com,First330,Last330
student331@school.com,First331,Last331
student332@school.com,First332,Last332
student333@school.com,First333,Last333
student334@school.com,First334,Last334
student335@school.com,First335,Last335
student336@school.com,First336,Last336
student337@school.com,First337,Last337
student338@school.com,First338,Last338
student339@school.com,First339,Last339
student340@school.com,First340,Last340
student341@school.com,First341,Last341
student342@school.com,First342,Last342
student343@school.com,First343,Last343
student344@school.com,First344,Last344
student345@school.com,First345,Last345
student346@school.com,First346,Last346
student347@school.com,First347,Last347
student348@school.com,First348,Last348
student349@school.com,First349,Last349
student350@school.com,First350,Last350
student351@school.com,First351,Last351
student352@school.com,First352,Last352
student353@school.com,First353,Last353
student354@school.com,First354,Last354
student355@school.com,First355,Last355
student356@school.com,First356,Last356
student357@school.com,First357,Last357
student358@school.com,First358,Last358
student359@school.com,First359,Last359
student360@school.com,First360,Last360
student361@school.com,First361,Last361
student362@school.com,First362,Last362
student363@school.com,First363,Last363
student364@school.com,First364,Last364
student365@school.com,First365,Last365
student366@school.com,First366,Last366
student367@school.com,First367,Last367
student368@school.com,First368,Last368
student369@school.com,First369,Last369
student370@school.com,First370,Last370
student371@school.com,First371,Last371
student372@school.com,First372,Last372
student373@school.com,First373,Last373
student374@school.com,First374,Last374
student375@school.com,First375,Last375
student376@school.com,First376,Last376
student377@school.com,First377,Last377
student378@school.com,First378,Last378
student379@school.com,First379,Last379
student380@school.com,First380,Last380
student381@school.com,First381,Last381
student382@school.com,First382,Last382
student383@school.com,First383,Last383
student384@school.com,First384,Last384
student385@school.com,First385,Last385
student386@school.com,First386,Last386
student387@school.com,First387,Last387
student388@school.com,First388,Last388
student389@school.com,First389,Last389
student390@school.com,First390,Last390
student391@school.com,First391,Last391
student392@school.com,First392,Last392
student393@school.com,First393,Last393
student394@school.com,First394,Last394
student395@school.com,First395,Last395
student396@school.com,First396,Last396
student397@school.com,First397,Last397
student398@school.com,First398,Last398
student399@school.com,First399,Last399
student400@school.com,First400,Last400
student401@school.com,First401,Last401
student402@school.com,First402,Last402
student403@school.com,First403,Last403
student404@school.com,First404,Last404
student405@school.com,First405,Last405
student406@school.com,First406,Last406
student407@school.com,First407,Last407
student408@school.com,First408,Last408
student409@school.com,First409,Last409
student410@school.com,First410,Last410
student411@school.com,First411,Last411
student412@school.com,First412,Last412
student413@school.com,First413,Last413
student414@school.com,First414,Last414
student415@school.com,First415,Last415
student416@school.com,First416,Last416
student417@school.com,First417,Last417
student418@school.com,First418,Last418
student419@school.com,First419,Last419
student420@school.com,First420,Last420
student421@school.com,First421,Last421
student422@school.com,First422,Last422
student423@school.com,First423,Last423
student424@school.com,First424,Last424
student425@school.com,First425,Last425
student426@school.com,First426,Last426
student427@school.com,First427,Last427
student428@school.com,First428,Last428
student429@school.com,First429,Last429
student430@school.com,First430,Last430
student431@school.com,First431,Last431
student432@school.com,First432,Last432
student433@school.com,First433,Last433
student434@school.com,First434,Last434
student435@school.com,First435,Last435
student436@school.com,First436,Last436
student437@school.com,First437,Last437
student438@school.com,First438,Last438
student439@school.com,First439,Last439
student440@school.com,First440,Last440
student441@school.com,First441,Last441
student442@school.com,First442,Last442
student443@school.com,First443,Last443
student444@school.com,First444,Last444
student445@school.com,First445,Last445
student446@school.com,First446,Last446
student447@school.com,First447,Last447
student448@school.com,First448,Last448
student449@school.com,First449,Last449
student450@school.com,First450,Last450
student451@school.com,First451,Last451
student452@school.com,First452,Last452
student453@school.com,First453,Last453
student454@school.com,First454,Last454
student455@school.com,First455,Last455
student456@school.com,First456,Last456
student457@school.com,First457,Last457
student458@school.com,First458,Last458
student459@school.com,First459,Last459
student460@school.com,First460,Last460
student461@school.com,First461,Last461
student462@school.com,First462,Last462
student463@school.com,First463,Last463
student464@school.com,First464,Last464
student465@school.com,First465,Last465
student466@school.com,First466,Last466
student467@school.com,First467,Last467
student468@school.com,First468,Last468
student469@school.com,First469,Last469
student470@school.com,First470,Last470
student471@school.com,First471,Last471
student472@school.com,First472,Last472
student473@school.com,First473,Last473
student474@school.com,First474,Last474
student475@school.com,First475,Last475
student476@school.com,First476,Last476
student477@school.com,First477,Last477
student478@school.com,First478,Last478
student479@school.com,First479,Last479
student480@school.com,First480,Last480
student481@school.com,First481,Last481
student482@school.com,First482,Last482
student483@school.com,First483,Last483
student484@school.com,First484,Last484
student485@school.com,First485,Last485
student486@school.com,First486,Last486
student487@school.com,First487,Last487
student488@school.com,First488,Last488
student489@school.com,First489,Last489
student490@school.com,First490,Last490
student491@school.com,First491,Last491
student492@school.com,First492,Last492
student493@school.com,First493,Last493
student494@school.com,First494,Last494
student495@school.com,First495,Last495
student496@school.com,First496,Last496
student497@school.com,First497,Last497
student498@school.com,First498,Last498
student499@school.com,First499,Last499
student501@school.com,First501,Last501
student502@school.com,First502,Last502
student503@school.com,First503,Last503
student504@school.com,First504,Last504
student505@school.com,First505,Last505
student506@school.com,First506,Last506
student507@school.com,First507,Last507
student508@school.com,First508,Last508
student509@school.com,First509,Last509
student510@school.com,First510,Last510
student511@school.com,First511,Last511
student512@school.com,First512,Last512
student513@school.com,First513,Last513
student514@school.com,First514,Last514
student515@school.com,First515,Last515
student516@school.com,First516,Last516
student517@school.com,First517,Last517
student518@school.com,First518,Last518
student519@school.com,First519,Last519
student520@school.com,First520,Last520
student521@school.com,First521,Last521
student522@school.com,First522,Last522
student523@school.com,First523,Last523
student524@school.com,First524,Last524
student525@school.com,First525,Last525
student526@school.com,First526,Last526
student527@school.com,First527,Last527
student528@school.com,First528,Last528
student529@school.com,First529,Last529
student530@school.com,First530,Last530
student531@school.com,First531,Last531
student532@school.com,First532,Last532
student533@school.com,First533,Last533
student534@school.com,First534,Last534
student535@school.com,First535,Last535
student536@school.com,First536,Last536
student537@school.com,First537,Last537
student538@school.com,First538,Last538
student539@school.com,First539,Last539
student540@school.com,First540,Last540
student541@school.com,First541,Last541
student542@school.com,First542,Last542
student543@school.com,First543,Last543
student544@school.com,First544,Last544
student545@school.com,First545,Last545
student546@school.com,First546,Last546
student547@school.com,First547,Last547
student548@school.com,First548,Last548
student549@school.com,First549,Last549
student550@school.com,First550,Last550
student551@school.com,First551,Last551
student552@school.com,First552,Last552
student553@school.com,First553,Last553
student554@school.com,First554,Last554
student555@school.com,First555,Last555
student556@school.com,First556,Last556
student557@school.com,First557,Last557
student558@school.com,First558,Last558
student559@school.com,First559,Last559
student560@school.com,First560,Last560
student561@school.com,First561,Last561
student562@school.com,First562,Last562
student563@school.com,First563,Last563
student564@school.com,First564,Last564
student565@school.com,First565,Last565
student566@school.com,First566,Last566
student567@school.com,First567,Last567
student568@school.com,First568,Last568
student569@school.com,First569,Last569
student570@school.com,First570,Last570
student571@school.com,First571,Last571
student572@school.com,First572,Last572
student573@school.com,First573,Last573
student574@school.com,First574,Last574
student575@school.com,First575,Last575
student576@school.com,First576,Last576
student577@school.com,First577,Last577
student578@school.com,First578,Last578
student579@school.com,First579,Last579
student580@school.com,First580,Last580
student581@school.com,First581,Last581
student582@school.com,First582,Last582
student583@school.com,First583,Last583
student584@school.com,First584,Last584
student585@school.com,First585,Last585
student586@school.com,First586,Last586
student587@school.com,First587,Last587
student588@school.com,First588,Last588
student589@school.com,First589,Last589
student590@school.com,First590,Last590
student591@school.com,First591,Last591
student592@school.com,First592,Last592
student593@school.com,First593,Last593
student594@school.com,First594,Last594
student595@school.com,First595,Last595
student596@school.com,First596,Last596
student597@school.com,First597,Last597
student598@school.com,First598,Last598
student599@school.com,First599,Last599
student600@school.com,UpdatedName,Last600
student601@school.com,First601,Last601
student602@school.com,First602,Last602
student603@school.com,First603,Last603
student604@school.com,First604,Last604
student605@school.com,First605,Last605
student606@school.com,First606,Last606
student607@school.com,First607,Last607
student608@school.com,First608,Last608
student609@school.com,First609,Last609
student610@school.com,First610,Last610
student611@school.com,First611,Last611
student612@school.com,First612,Last612
student613@school.com,First613,Last613
student614@school.com,First614,Last614
student615@school.com,First615,Last615
student616@school.com,First616,Last616
student617@school.com,First617,Last617
student618@school.com,First618,Last618
student619@school.com,First619,Last619
student620@school.com,First620,Last620
student621@school.com,First621,Last621
student622@school.com,First622,Last622
student623@school.com,First623,Last623
student624@school.com,First624,Last624
student625@school.com,First625,Last625
student626@school.com,First626,Last626
student627@school.com,First627,Last627
student628@school.com,First628,Last628
student629@school.com,First629,Last629
student630@school.com,First630,Last630
student631@school.com,First631,Last631
student632@school.com,First632,Last632
student633@school.com,First633,Last633
student634@school.com,First634,Last634
student635@school.com,First635,Last635
student636@school.com,First636,Last636
student637@school.com,First637,Last637
student638@school.com,First638,Last638
student639@school.com,First639,Last639
student640@school.com,First640,Last640
student641@school.com,First641,Last641
student642@school.com,First642,Last642
student643@school.com,First643,Last643
student644@school.com,First644,Last644
student645@school.com,First645,Last645
student646@school.com,First646,Last646
student647@school.com,First647,Last647
student648@school.com,First648,Last648
student649@school.com,First649,Last649
student650@school.com,First650,Last650
student651@school.com,First651,Last651
student652@school.com,First652,Last652
student653@school.com,First653,Last653
student654@school.com,First654,Last654
student655@school.com,First655,Last655
student656@school.com,First656,Last656
student657@school.com,First657,Last657
student658@school.com,First658,Last658
student659@school.com,First659,Last659
student660@school.com,First660,Last660
student661@school.com,First661,Last661
student662@school.com,First662,Last662
student663@school.com,First663,Last663
student664@school.com,First664,Last664
student665@school.com,First665,Last665
student666@school.com,First666,Last666
student667@school.com,First667,Last667
student668@school.com,First668,Last668
student669@school.com,First669,Last669
student670@school.com,First670,Last670
student671@school.com,First671,Last671
student672@school.com,First672,Last672
student673@school.com,First673,Last673
student674@school.com,First674,Last674
student675@school.com,First675,Last675
student676@school.com,First676,Last676
student677@school.com,First677,Last677
student678@school.com,First678,Last678
student679@school.com,First679,Last679
student680@school.com,First680,Last680
student681@school.com,First681,Last681
student682@school.com,First682,Last682
student683@school.com,First683,Last683
student684@school.com,First684,Last684
student685@school.com,First685,Last685
student686@school.com,First686,Last686
student687@school.com,First687,Last687
student688@school.com,First688,Last688
student689@school.com,First689,Last689
student690@school.com,First690,Last690
student691@school.com,First691,Last691
student692@school.com,First692,Last692
student693@school.com,First693,Last693
student694@school.com,First694,Last694
student695@school.com,First695,Last695
student696@school.com,First696,Last696
student697@school.com,First697,Last697
student698@school.com,First698,Last698
student699@school.com,First699,Last699
student700@school.com,First700,Last700
student701@school.com,First701,Last701
student702@school.com,First702,Last702
student703@school.com,First703,Last703
student704@school.com,First704,Last704
student705@school.com,First705,Last705
student706@school.com,First706,Last706
student707@school.com,First707,Last707
student708@school.com,First708,Last708
student709@school.com,First709,Last709
student710@school.com,First710,Last710
student711@school.com,First711,Last711
student712@school.com,First712,Last712
student713@school.com,First713,Last713
student714@school.com,First714,Last714
student715@school.com,First715,Last715
student716@school.com,First716,Last716
student717@school.com,First717,Last717
student718@school.com,First718,Last718
student719@school.com,First719,Last719
student720@school.com,First720,Last720
student721@school.com,First721,Last721
student722@school.com,First722,Last722
student723@school.com,First723,Last723
student724@school.com,First724,Last724
student725@school.com,First725,Last725
student726@school.com,First726,Last726
student727@school.com,First727,Last727
student728@school.com,First728,Last728
student729@school.com,First729,Last729
student730@school.com,First730,Last730
student731@school.com,First731,Last731
student732@school.com,First732,Last732
student733@school.com,First733,Last733
student734@school.com,First734,Last734
student735@school.com,First735,Last735
student736@school.com,First736,Last736
student737@school.com,First737,Last737
student738@school.com,First738,Last738
student739@school.com,First739,Last739
student740@school.com,First740,Last740
student741@school.com,First741,Last741
student742@school.com,First742,Last742
student743@school.com,First743,Last743
student744@school.com,First744,Last744
student745@school.com,First745,Last745
student746@school.com,First746,Last746
student747@school.com,First747,Last747
student748@school.com,First748,Last748
student749@school.com,First749,Last749
student750@school.com,First750,Last750
student751@school.com,First751,Last751
student752@school.com,First752,Last752
student753@school.com,First753,Last753
student754@school.com,First754,Last754
student755@school.com,First755,Last755
student756@school.com,First756,Last756
student757@school.com,First757,Last757
student758@school.com,First758,Last758
student759@school.com,First759,Last759
student760@school.com,First760,Last760
student761@school.com,First761,Last761
student762@school.com,First762,Last762
student763@school.com,First763,Last763
student764@school.com,First764,Last764
student765@school.com,First765,Last765
student766@school.com,First766,Last766
student767@school.com,First767,Last767
student768@school.com,First768,Last768
student769@school.com,First769,Last769
student770@school.com,First770,Last770
student771@school.com,First771,Last771
student772@school.com,First772,Last772
student773@school.com,First773,Last773
student774@school.com,First774,Last774
student775@school.com,First775,Last775
student776@school.com,First776,Last776
student777@school.com,First777,Last777
student778@school.com,First778,Last778
student779@school.com,First779,Last779
student780@school.com,First780,Last780
student781@school.com,First781,Last781
student782@school.com,First782,Last782
student783@school.com,First783,Last783
student784@school.com,First784,Last784
student785@school.com,First785,Last785
student786@school.com,First786,Last786
student787@school.com,First787,Last787
student788@school.com,First788,Last788
student789@school.com,First789,Last789
student790@school.com,First790,Last790
student791@school.com,First791,Last791
student792@school.com,First792,Last792
student793@school.com,First793,Last793
student794@school.com,First794,Last794
student795@school.com,First795,Last795
student796@school.com,First796,Last796
student797@school.com,First797,Last797
student798@school.com,First798,Last798
student799@school.com,First799,Last799
student800@school.com,First800,Last800
student801@school.com,First801,Last801
student802@school.com,First802,Last802
student803@school.com,First803,Last803
student804@school.com,First804,Last804
student805@school.com,First805,Last805
student806@school.com,First806,Last806
student807@school.com,First807,Last807
student808@school.com,First808,Last808
student809@school.com,First809,Last809
student810@school.com,First810,Last810
student811@school.com,First811,Last811
student812@school.com,First812,Last812
student813@school.com,First813,Last813
student814@school.com,First814,Last814
student815@school.com,First815,Last815
student816@school.com,First816,Last816
student817@school.com,First817,Last817
student818@school.com,First818,Last818
student819@school.com,First819,Last819
student820@school.com,First820,Last820
student821@school.com,First821,Last821
student822@school.com,First822,Last822
student823@school.com,First823,Last823
student824@school.com,First824,Last824
student825@school.com,First825,Last825
student826@school.com,First826,Last826
student827@school.com,First827,Last827
student828@school.com,First828,Last828
student829@school.com,First829,Last829
student830@school.com,First830,Last830
student831@school.com,First831,Last831
student832@school.com,First832,Last832
student833@school.com,First833,Last833
student834@school.com,First834,Last834
student835@school.com,First835,Last835
student836@school.com,First836,Last836
student837@school.com,First837,Last837
student838@school.com,First838,Last838
student839@school.com,First839,Last839
student840@school.com,First840,Last840
student841@school.com,First841,Last841
student842@school.com,First842,Last842
student843@school.com,First843,Last843
student844@school.com,First844,Last844
student845@school.com,First845,Last845
student846@school.com,First846,Last846
student847@school.com,First847,Last847
student848@school.com,First848,Last848
student849@school.com,First849,Last849
student850@school.com,First850,Last850
student851@school.com,First851,Last851
student852@school.com,First852,Last852
student853@school.com,First853,Last853
student854@school.com,First854,Last854
student855@school.com,First855,Last855
student856@school.com,First856,Last856
student857@school.com,First857,Last857
student858@school.com,First858,Last858
student859@school.com,First859,Last859
student860@school.com,First860,Last860
student861@school.com,First861,Last861
student862@school.com,First862,Last862
student863@school.com,First863,Last863
student864@school.com,First864,Last864
student865@school.com,First865,Last865
student866@school.com,First866,Last866
student867@school.com,First867,Last867
student868@school.com,First868,Last868
student869@school.com,First869,Last869
student870@school.com,First870,Last870
student871@school.com,First871,Last871
student872@school.com,First872,Last872
student873@school.com,First873,Last873
student874@school.com,First874,Last874
student875@school.com,First875,Last875
student876@school.com,First876,Last876
student877@school.com,First877,Last877
student878@school.com,First878,Last878
student879@school.com,First879,Last879
student880@school.com,First880,Last880
student881@school.com,First881,Last881
student882@school.com,First882,Last882
student883@school.com,First883,Last883
student884@school.com,First884,Last884
student885@school.com,First885,Last885
student886@school.com,First886,Last886
student887@school.com,First887,Last887
student888@school.com,First888,Last888
student889@school.com,First889,Last889
student890@school.com,First890,Last890
student891@school.com,First891,Last891
student892@school.com,First892,Last892
student893@school.com,First893,Last893
student894@school.com,First894,Last894
student895@school.com,First895,Last895
student896@school.com,First896,Last896
student897@school.com,First897,Last897
student898@school.com,First898,Last898
student899@school.com,First899,Last899
student900@school.com,First900,Last900
student901@school.com,First901,Last901
student902@school.com,First902,Last902
student903@school.com,First903,Last903
student904@school.com,First904,Last904
student905@school.com,First905,Last905
student906@school.com,First906,Last906
student907@school.com,First907,Last907
student908@school.com,First908,Last908
student909@school.com,First909,Last909
student910@school.com,First910,Last910
student911@school.com,First911,Last911
student912@school.com,First912,Last912
student913@school.com,First913,Last913
student914@school.com,First914,Last914
student915@school.com,First915,Last915
student916@school.com,First916,Last916
student917@school.com,First917,Last917
student918@school.com,First918,Last918
student919@school.com,First919,Last919
student920@school.com,First920,Last920
student921@school.com,First921,Last921
student922@school.com,First922,Last922
student923@school.com,First923,Last923
student924@school.com,First924,Last924
student925@school.com,First925,Last925
student926@school.com,First926,Last926
student927@school.com,First927,Last927
student928@school.com,First928,Last928
student929@school.com,First929,Last929
student930@school.com,First930,Last930
student931@school.com,First931,Last931
student932@school.com,First932,Last932
student933@school.com,First933,Last933
student934@school.com,First934,Last934
student935@school.com,First935,Last935
student936@school.com,First936,Last936
student937@school.com,First937,Last937
student938@school.com,First938,Last938
student939@school.com,First939,Last939
student940@school.com,First940,Last940
student941@school.com,First941,Last941
student942@school.com,First942,Last942
student943@school.com,First943,Last943
student944@school.com,First944,Last944
student945@school.com,First945,Last945
student946@school.com,First946,Last946
student947@school.com,First947,Last947
student948@school.com,First948,Last948
student949@school.com,First949,Last949
student950@school.com,First950,Last950
student951@school.com,First951,Last951
student952@school.com,First952,Last952
student953@school.com,First953,Last953
student954@school.com,First954,Last954
student955@school.com,First955,Last955
student956@school.com,First956,Last956
student957@school.com,First957,Last957
student958@school.com,First958,Last958
student959@school.com,First959,Last959
student960@school.com,First960,Last960
student961@school.com,First961,Last961
student962@school.com,First962,Last962
student963@school.com,First963,Last963
student964@school.com,First964,Last964
student965@school.com,First965,Last965
student966@school.com,First966,Last966
student967@school.com,First967,Last967
student968@school.com,First968,Last968
student969@school.com,First969,Last969
student970@school.com,First970,Last970
student971@school.com,First971,Last971
student972@school.com,First972,Last972
student973@school.com,First973,Last973
student974@school.com,First974,Last974
student975@school.com,First975,Last975
student976@school.com,First976,Last976
student977@school.com,First977,Last977
student978@school.com,First978,Last978
student979@school.com,First979,Last979
student980@school.com,First980,Last980
student981@school.com,First981,Last981
student982@school.com,First982,Last982
student983@school.com,First983,Last983
student984@school.com,First984,Last984
student985@school.com,First985,Last985
student986@school.com,First986,Last986
student987@school.com,First987,Last987
student988@school.com,First988,Last988
student989@school.com,First989,Last989
student990@school.com,First990,Last990
student991@school.com,First991,Last991
student992@school.com,First992,Last992
student993@school.com,First993,Last993
student994@school.com,First994,Last994
student995@school.com,First995,Last995
student996@school.com,First996,Last996
student997@school.com,First997,Last997
student998@school.com,First998,Last998
student999@school.com,First999,Last999
new_student@example.com,New,Student
